S,c,r,e,e,n,N,a,m,e
b,e,n,p,o,l,i,t,i,c,o
d,a,v,e,w,e,i,g,e,l
f,i,x,f,e,l,i,c,i,a
S,u,s,a,n,P,a,g,e
a,l,e,x,_,w,a,g,s
L,a,r,r,y,S,a,b,a,t,o
c,b,e,l,l,a,n,t,o,n,i
s,t,e,v,e,b,e,n,e,n
A,t,r,i,o,s
f,i,v,e,t,h,i,r,t,y,e,i,g,h,t
R,a,s,m,u,s,s,e,n,P,o,l,l
g,g,r,e,e,n,w,a,l,d
m,i,k,e,m,e,m,o,l,i
L,a,m,i,d,i,K,e,h,i,n,d,e,8
d,m,a,r,i,n,e,r,e
s,a,l,i,s,o,l,a,r
g,e,e,k,s,f,o,r,g,e,e,k,s
n,i,c,o,p,i,t,n,e,y
a,p,r,o,k,o,_,d,o,c,t,o,r
a,y,c,o,m,d,i,a,n
f
i
v
e
t
h
i
r
t
y
e
i
g
h
t
